Original Entry,Corrected Title,Author,Notes
A generation of Sociopaths,A Generation of Sociopaths: How the Baby Boomers Betrayed America,Bruce Cannon Gibney,
The Outsider,The Outsider,Stephen King,
"Replay: They history of video games","Replay: The History of Video Games",Tristan Donovan,
Shogun,Shogun,James Clavell,
"The complete stories  - Flannery O'Conner",The Complete Stories,Flannery O'Connor,Spelling fix on author name
The book of Jhereg,The Book of Jhereg,Steven Brust,Omnibus of first 3 Vlad Taltos novels
Moral Man and Immoral Society,Moral Man and Immoral Society,Reinhold Niebuhr,
Leviathan Wakes,Leviathan Wakes,James S.A. Corey,Expanse #1
What do Our Neighbors Believe,"What Do Our Neighbors Believe? Questions and Answers on Judaism, Christianity, and Islam","Howard Greenstein, Kendra Hotz, John Kaltner",
Red Rabbit,Red Rabbit,Tom Clancy,
Patriot Games,Patriot Games,Tom Clancy,
The FGourth Monkey,The Fourth Monkey,J.D. Barker,
Ishmael Daniel Quinn,Ishmael,Daniel Quinn,
"Cosmology of Monsters / Shaun Hamill",A Cosmology of Monsters,Shaun Hamill,
In the Valley of the Sun,In the Valley of the Sun,Andy Davidson,
The Valancourt Book of Work Horror Studies,The Valancourt Book of World Horror Stories,"James D. Jenkins, Ryan Cagle (editors)",Verify title - could be different Valancourt anthology
Hemmingway Didn't Say That,"Hemingway Didn't Say That: The Truth Behind Familiar Quotations",Garson O'Toole,
King's Cage,King's Cage,Victoria Aveyard,Red Queen #3
Glass Sword,Glass Sword,Victoria Aveyard,Red Queen #2
Red Queen,Red Queen,Victoria Aveyard,Red Queen #1
Dispatches from Pluto,Dispatches from Pluto: Lost and Found in the Mississippi Delta,Richard Grant,
The Culling,The Culling,Steven Dos Santos,
The Sowing,The Sowing,Steven Dos Santos,
The Reaping,The Reaping,Steven Dos Santos,
Ghost Story - Straub,Ghost Story,Peter Straub,
Chost Stories of Antiquary,Ghost Stories of an Antiquary,M.R. James,
The Passage,The Passage,Justin Cronin,
Swan Song,Swan Song,Robert McCammon,
The WOlfen,The Wolfen,Whitley Strieber,
Memphis Hoodo Murders,Memphis Hoodoo Murders,Kathryn Rogers,
The 5th wave,The 5th Wave,Rick Yancey,
The Chost Files 1,The Ghost Files,Apryl Baker,Ghost Files #1
The Chost Files 2,The Ghost Files 2,Apryl Baker,Ghost Files #2
The Chost Files 3,The Ghost Files 3,Apryl Baker,Ghost Files #3
The Little Sleep,The Little Sleep,Paul Tremblay,
A headful of Ghosts,A Head Full of Ghosts,Paul Tremblay,
Paleo Diet for Athletes,The Paleo Diet for Athletes,"Loren Cordain, Joe Friel",
21 Day Total Body Transformation,The Primal Blueprint 21-Day Total Body Transformation,Mark Sisson,
The Double Cross System,The Double-Cross System,J.C. Masterman,
Twittering from the circus of the dead,Twittering from the Circus of the Dead,Joe Hill,
Stoker's Manuscript,"Stoker's Manuscript",Royce Prouty,
West of the Tularosa,West of the Tularosa,Louis L'Amour,VERIFY - could also be Ray Hogan
"A new world: Chaos",A New World: Chaos,John O'Brien,A New World series #1
"A new world: Return",A New World: Return,John O'Brien,A New World series #2
"A new world: Sanctuary",A New World: Sanctuary,John O'Brien,A New World series #3
"A new world: Taken",A New World: Taken,John O'Brien,A New World series #4
"A new world: Awakening",A New World: Awakening,John O'Brien,A New World series #5
"A new world: Dissension",A New World: Dissension,John O'Brien,A New World series #6
"A new world: Conspiracy",A New World: Conspiracy,John O'Brien,A New World series #7
"A new world: Reckoning",A New World: Reckoning,John O'Brien,A New World series #8
Gates of Fire,Gates of Fire,Steven Pressfield,
"Nors Gods, Goddesses",Norse Mythology,Neil Gaiman,
The book of skiulls,The Book of Skulls,Robert Silverberg,
Vanity Fiar,Vanity Fair,William Makepeace Thackeray,
The vampire tapestry,The Vampire Tapestry,Suzy McKee Charnas,
Ender's Game,"Ender's Game",Orson Scott Card,
American Gods,American Gods,Neil Gaiman,
The Exorcist,The Exorcist,William Peter Blatty,
The Imago Sequience,The Imago Sequence and Other Stories,Laird Barron,
The Dead years 1,The Dead Years 1,Jeff Olah,
The Dead years 2,The Dead Years 2,Jeff Olah,
The Dead years 3,The Dead Years 3,Jeff Olah,
The Dead years 4,The Dead Years 4,Jeff Olah,
The Dead years 5,The Dead Years 5,Jeff Olah,
s the workd dies,As the World Dies,Rhiannon Frater,Zombie trilogy
Nocrtunes,Nocturnes,John Connolly,
Under the Dome,Under the Dome,Stephen King,
The ket to everything,The Key to Everything,Alex Kimmell,
The Secret Holocaust Diaries,The Secret Holocaust Diaries,Nonna Bannister,
Rosswell Redemption,Roswell Redemption,Cindi Crane,
The Ghost of Varner Greek,The Ghost of Varner Creek,Michael Weems,
The dark monk,The Dark Monk,Oliver Potzsch,Hangman's Daughter Tales #2
"Engage!","Engage!",Brian Solis,
"A Zombie Apocalups, Luehke Keith",A Zombie Apocalypse,Keith Luethke,VERIFY author spelling
Wining Cjack Welch,Winning,Jack Welch,
UR,UR,Stephen King,
11/22/63,11/22/63,Stephen King,
Crusader,Crusader,Andrew Chapman,
Area 187 - Almost Hell,Area 187: Almost Dead,Eric R. Lowther,VERIFY exact title
The eden project,The Eden Project,John Bolin,
play dead,Play Dead,Anne Frasier,
"After, Taras and Theron","Beyond Jerusalem: After, Taras and Theron",David McAfee,
61 AD,61 A.D.,David McAfee,
33 AD,33 A.D.,David McAfee,
Run Blake Crouch,Run,Blake Crouch,
Mile 81,Mile 81,Stephen King,
Seed Ania Ahiborn,Seed,Ania Ahlborn,
Divergent,Divergent,Veronica Roth,
Shapeshifter Anaonymouts,Shapeshifters Anonymous,J.A. Konrath,
Wolf Hunt,Wolf Hunt,Jeff Strand,
The Extinct,The Extinct,Victor Methos,VERIFY author
"Ancient Enemies, Ancient Awakening",Ancient Awakening,Matthew Bryan Laube,VERIFY - Ancient Enemies may be sequel
"Ancient Enemies, Ancient Awakening",Ancient Enemies,Matthew Bryan Laube,VERIFY - may be book 2 of series
Torment,Torment,Jeremy Robinson,
The List origin,The List,J.A. Konrath,
The Linkcoln Lawyer,The Lincoln Lawyer,Michael Connelly,
The Fall of the House of Zeus,The Fall of the House of Zeus,Curtis Wilkie,
The Apothecary's Daughter,"The Apothecary's Daughter",Julie Klassen,
The Red Church,The Red Church,Scott Nicholson,
The Hangman's Daughter,"The Hangman's Daughter",Oliver Potzsch,Hangman's Daughter Tales #1
"Full Dark, No Starts","Full Dark, No Stars",Stephen King,
Dracula,Dracula,Bram Stoker,
Leadership Can Be Taucht,Leadership Can Be Taught,Sharon Daloz Parks,
The Grand Design,The Grand Design,"Stephen Hawking, Leonard Mlodinow",
The hapiness project,The Happiness Project,Gretchen Rubin,
"Principles for Dealing with the Changing World Order","Principles for Dealing with the Changing World Order: Why Nations Succeed and Fail",Ray Dalio,
